Day,Phase,Prasant_Frontend_Backend,Venkatesh_AI_Development,Shreyash_Siddhesh_Automation,Daily_Success_Metrics
1,Research & Setup,"Setup development environment, Figma UI design system creation","Crop Guardian AI setup with Portkey, Syngenta product database integration","N8N workflow setup, Syngenta API research and integration planning","Team coordination complete, development environment ready"
2,Research & Setup,"Create responsive UI wireframes, component library setup with Syngenta branding",Seed Sage AI development with Syngenta varieties recommendation engine,Crop rotation optimizer algorithm with historical Syngenta data,"UI designs approved, technical architecture finalized"
3,Architecture Design,"Database schema design, REST API architecture planning",Kisan Mitra negotiation agent with fair pricing algorithms,Sustainability Tracker with carbon footprint calculation workflows,"Database schema confirmed, API specifications documented"
4,Core AI Development,Backend API development for user authentication and agent management,Market Oracle development with real-time mandi data integration,Contract Creator with legal compliance and template automation,"30% AI agents operational, backend APIs responding"
5,Core AI Development,"Frontend components - navigation, dashboard, AI agent control panel",Multi-agent communication protocols and orchestration setup,Automation workflows for pesticide/seed recommendations,"60% platform functionality complete, frontend components ready"
6,Core AI Development,"Voice interface frontend, multilingual support (Hindi/Marathi/English)",Crop Whisperer voice processing with regional language NLP,Regional language processing workflows and voice recognition setup,"80% feature completion, voice interface operational"
7,Frontend Development,"Responsive design implementation, mobile-first approach",Disease Detective diagnostic AI with computer vision capabilities,Market data integration workflows and price intelligence automation,"Responsive design complete, mobile compatibility achieved"
8,Frontend Development,"Integration with AI agent APIs, real-time data visualization",Weather Warrior climate prediction with Syngenta adaptation strategies,Quality-based pricing algorithms and sustainability premium calculations,"Weather and disease features operational, contract generation working"
9,Integration Phase,"Frontend-backend integration, user experience optimization",AI agent performance testing and response optimization,End-to-end workflow testing and automation validation,"Full platform integration complete, real-time functionality verified"
10,Integration Phase,"Performance optimization, responsive design cross-device testing",Integration testing between all 10 AI agents,Workflow orchestration and real-time data processing optimization,"Performance benchmarks met, stability testing passed"
11,Testing & Optimization,"Cross-browser compatibility, mobile responsiveness validation","AI model fine-tuning, accuracy improvements, latency reduction",Comprehensive workflow testing and data accuracy validation,"All features tested and validated, critical bugs resolved"
12,Testing & Optimization,"UI/UX refinements, accessibility improvements, demo interface","Real-time AI response optimization, scalability testing",Performance benchmarking and workflow optimization,"Demo-ready platform achieved, presentation materials prepared"
13,Demo Preparation,"Demo interface preparation, presentation flow implementation",AI demo scenarios creation and agent interaction testing,Demo workflow scenarios and automated test case preparation,"Demo scenarios validated, technical presentations ready"
14,Demo Preparation,"Final UI polish, demo scenario interface completion",AI agent demonstration validation and performance verification,Integration demo workflows and validation testing,"Final demo approved, comprehensive documentation complete"
15,Final Presentation,"Technical presentation slides, comprehensive documentation",AI technical documentation and architecture presentation materials,Complete workflow documentation and technical presentation,Hackathon submission package ready with impact projections
