Impact_Category,Pilot_Phase_6_Months,Scale_Phase_18_Months,Syngenta_Strategic_Value
Farmer Income Improvement,"15% average income increase for 1,000 pilot farmers","20% average income increase for 25,000 farmers",Directly supports core farmer empowerment mission
Smallholder Farmer Reach,"10,000 smallholder farmers onboarded across 3 states","50,000 smallholder farmers across 10 states",Accelerates progress toward 20M smallholder target
Sustainability Enhancement,25% improvement in sustainability scores,35% improvement in sustainability metrics,Provides measurable sustainability impact data
Carbon Emission Reduction,500 tons CO2 equivalent reduction tracked,"5,000 tons CO2 reduction, $200K carbon revenue",Contributes to carbon-neutral agriculture goals
Fair Trade Facilitation,"2,000 fair price negotiations completed","25,000 successful negotiations, 90% satisfaction rate",Strengthens farmer-Syngenta relationship and loyalty
Technology Adoption,80% smartphone/voice technology adoption rate,Platform integrated in 100% of Syngenta service centers,Showcases $2B digital innovation investment ROI
Market Efficiency,30% reduction in transaction time and costs,50% improvement in market price discovery efficiency,Creates competitive advantage in agricultural technology
Knowledge Transfer,"5,000 farmers trained in fair negotiation practices","25,000 farmers certified in sustainable negotiation",Builds knowledge base for future digital initiatives
Partnership Development,50 cooperative and buyer partnerships established,200 partnerships including major agribusiness players,Expands Syngenta ecosystem through strategic alliances
Syngenta Brand Strengthening,95% positive brand association with farmer empowerment,Platform becomes flagship example of Syngenta innovation,Positions Syngenta as leader in ethical agricultural practices
