Day,Phase,Syngenta_Focus_Activities,Key_Deliverables,Syngenta_Goal_Alignment
1,Research & Setup,"Cropwise API research, smallholder farmer persona analysis","Syngenta alignment document, smallholder research insights",Empower Farmers + Partner for Impact
2,Research & Setup,"Sustainability metrics integration, carbon credit framework design","Sustainability framework, carbon integration plan",Carbon-Neutral Agriculture + Sustainability Priorities
3,Architecture,"Cropwise Insight Engine integration architecture, N8N workflow planning",Technical architecture with Cropwise integration specs,Digital Innovation + Cropwise Integration
4,Cropwise Integration,"Cropwise AI API integration, farmer empowerment workflow design",Working Cropwise-integrated farmer dashboard,Cropwise Platform + Farmer Empowerment
5,AI Development,"Multi-agent negotiation with Portkey, smallholder-focused UI development",Complete AI negotiation system with farmer empowerment focus,Smallholder Focus + Digital Innovation
6,Platform Development,"Multilingual voice interface, quality-based pricing algorithms",Voice-enabled platform with regional language support,Inclusive Technology + Safe Practices
7,Testing & Integration,"Cropwise platform integration testing, sustainability scoring validation",Fully integrated system with sustainability tracking,Quality Assurance + Platform Integration
8,Sustainability Features,"Carbon footprint tracking, biodiversity premium calculations",Carbon credit and biodiversity features operational,Carbon-Neutral Agriculture + Biodiversity Focus
9,Demo Preparation,"Smallholder farmer demo scenarios, sustainability impact presentation",10-minute demo showcasing Syngenta goal alignment,Farmer Empowerment + Partnership Demonstration
10,Final Presentation,"Syngenta executive demo, measurable impact documentation",Complete hackathon submission with impact projections,Complete Syngenta Mission Alignment
