Syngenta_Priority,Our_Platform_Alignment,Impact_Score,Implementation_Priority,Measurable_Outcome
Empower Farmers (Core Mission),"AI negotiation prevents farmer exploitation, ensures fair pricing",10,Critical,Increase farmer income by 15-20% through fair pricing
Cropwise Platform Integration,Seamless integration with existing Cropwise ecosystem,9,High,100% compatibility with Cropwise data and workflows
Smallholder Farmer Focus (20M target),"Multilingual support, simple voice interface for low-literacy farmers",10,Critical,"Reach 50,000 smallholders in pilot phase (India/Brazil)"
Sustainability Priorities,"Tracks sustainability metrics, carbon footprint in pricing",9,High,Track carbon footprint reduction in crop transactions
Carbon-Neutral Agriculture,Promotes regenerative practices through pricing incentives,8,Medium,Incentivize regenerative practices via pricing premiums
Digital Innovation ($2B investment),Cutting-edge GenAI with N8N automation workflows,10,Critical,Deploy GenAI negotiation in 10 days with Portkey/N8N
Safe & Healthy Practices,Training simulator ensures safe negotiation practices,7,Medium,"Train 10,000 farmers on fair negotiation practices"
Partnership for Impact,"Connects farmers directly with buyers, eliminating middlemen",9,High,Reduce middleman exploitation by 80% in pilot regions
Biodiversity & Soil Health,Quality-based pricing rewards sustainable farming practices,8,Medium,Premium pricing for biodiversity-certified crops
Fair Labor & Ethical Standards,"Transparent, fair contract generation with legal compliance",8,Medium,Zero unfair contract disputes in platform transactions
